Package,Built
abind,3.5.0
acepack,3.5.0
assertthat,3.5.0
backports,3.5.0
base64enc,3.5.0
bayesplot,3.5.0
bbmle,3.5.0
beanplot,3.5.0
beeswarm,3.5.0
BH,3.5.2
bindr,3.5.0
bindrcpp,3.5.0
Biobase,3.5.0
BiocGenerics,3.5.0
BiocInstaller,3.5.0
bit,3.5.0
bit64,3.5.0
bitops,3.5.0
blob,3.5.0
brew,3.5.0
broom,3.5.0
calibrate,3.5.0
callr,3.5.0
car,3.5.0
carData,3.5.0
caret,3.5.0
caretEnsemble,3.5.0
caTools,3.5.0
cellranger,3.5.0
checkmate,3.5.0
classInt,3.5.0
cli,3.5.0
clinfun,3.5.0
clipr,3.5.0
clisymbols,3.5.0
cmprsk,3.5.0
coda,3.5.0
coin,3.5.0
colorspace,3.5.0
colourpicker,3.5.0
combinat,3.5.0
commonmark,3.5.0
config,3.5.0
crayon,3.5.0
crosstalk,3.5.0
curl,3.5.0
data.table,3.5.0
DBI,3.5.0
dbplyr,3.5.0
dendextend,3.5.0
DEoptimR,3.5.0
DependenciesGraphs,3.5.1
desc,3.5.0
deSolve,3.5.0
devtools,3.5.1
dichromat,3.5.0
digest,3.5.0
diptest,3.5.0
doMC,3.5.0
doParallel,3.5.0
dplyr,3.5.0
DT,3.5.0
dygraphs,3.5.0
e1071,3.5.0
earth,3.5.0
emdbook,3.5.0
evaluate,3.5.0
fansi,3.5.0
fastICA,3.5.0
fdrtool,3.5.0
fit.models,3.5.0
flexmix,3.5.0
flsa,3.5.0
forcats,3.5.0
foreach,3.5.0
formatR,3.5.0
Formula,3.5.0
fpc,3.5.0
fs,3.5.0
futile.logger,3.5.0
futile.options,3.5.0
gbm,3.5.0
gclus,3.5.0
gdata,3.5.0
generics,3.5.0
GGally,3.5.0
ggplot2,3.5.0
ggrepel,3.5.0
ggridges,3.5.0
gh,3.5.0
git2r,3.5.0
glmnet,3.5.0
glue,3.5.0
gower,3.5.0
gplots,3.5.0
gridExtra,3.5.0
gtable,3.5.0
gtools,3.5.0
haven,3.5.0
heatmaply,3.5.0
here,3.5.0
hexbin,3.5.0
highlight,3.5.0
highr,3.5.0
Hmisc,3.5.0
hms,3.5.0
htmlTable,3.5.0
htmltools,3.5.0
htmlwidgets,3.5.0
httpuv,3.5.0
httr,3.5.0
hunspell,3.5.0
igraph,3.5.0
ini,3.5.0
inline,3.5.0
ipred,3.5.0
iterators,3.5.0
jsonlite,3.5.0
kableExtra,3.5.0
kerasR,3.5.0
kernlab,3.5.0
kknn,3.5.0
klaR,3.5.0
knitr,3.5.1
labeling,3.5.0
labelled,3.5.0
lambda.r,3.5.0
later,3.5.0
latex2exp,3.5.0
latticeExtra,3.5.0
lava,3.5.0
lazyeval,3.5.0
limma,3.5.1
lintr,3.5.0
lme4,3.5.0
loo,3.5.0
lsei,3.5.0
lubridate,3.5.0
magrittr,3.5.0
manipulateWidget,3.5.0
maptools,3.5.0
markdown,3.5.0
MatrixModels,3.5.0
matrixStats,3.5.0
mclust,3.5.0
mda,3.5.0
memoise,3.5.0
mime,3.5.0
miniUI,3.5.0
minqa,3.5.0
mixtools,3.5.0
mlbench,3.5.0
mnormt,3.5.0
ModelMetrics,3.5.0
modelr,3.5.0
modeltools,3.5.0
multcomp,3.5.0
munsell,3.5.0
mvbutils,3.5.0
mvtnorm,3.5.0
nloptr,3.5.0
nplr,3.5.0
npsurv,3.5.0
numDeriv,3.5.0
odbc,3.5.0
openssl,3.5.0
openxlsx,3.5.0
packrat,3.5.0
pamr,3.5.0
pbapply,3.5.0
pbkrtest,3.5.0
pcaPP,3.5.0
pec,3.5.1
penalizedLDA,3.5.0
pillar,3.5.0
pkgbuild,3.5.0
pkgconfig,3.5.0
pkgdown,3.5.0
pkgload,3.5.0
plogr,3.5.0
plotly,3.5.1
plotmo,3.5.0
plotrix,3.5.0
pls,3.5.0
plyr,3.5.0
polspline,3.5.0
powerMediation,3.5.0
prabclus,3.5.0
praise,3.5.0
prettyunits,3.5.0
pROC,3.5.0
processx,3.5.0
prodlim,3.5.0
progenyClust,3.5.0
progress,3.5.0
promises,3.5.0
ps,3.5.0
psych,3.5.0
purrr,3.5.0
pwr,3.5.0
qap,3.5.0
quantreg,3.5.0
questionr,3.5.0
qvalue,3.5.0
R6,3.5.0
randomForest,3.5.0
randomForestSRC,3.5.0
ranger,3.5.0
rcmdcheck,3.5.0
RColorBrewer,3.5.0
Rcpp,3.5.0
RcppArmadillo,3.5.0
RcppEigen,3.5.0
RcppRoll,3.5.0
RCurl,3.5.0
readr,3.5.1
readxl,3.5.1
recipes,3.5.0
registry,3.5.0
rematch,3.5.0
rematch2,3.5.0
remotes,3.5.0
reprex,3.5.0
reshape,3.5.0
reshape2,3.5.0
reticulate,3.5.0
rex,3.5.0
rgl,3.5.0
rio,3.5.0
riskRegression,3.5.0
risksetROC,3.5.0
rjson,3.5.0
rlang,3.5.2
rlist,3.5.0
rlm,3.5.0
rmarkdown,3.5.0
rms,3.5.0
robust,3.5.0
robustbase,3.5.0
roxygen2,3.5.0
rprojroot,3.5.0
rrcov,3.5.0
rsample,3.5.0
rsconnect,3.5.0
rstan,3.5.0
rstanarm,3.5.0
rstantools,3.5.0
rstudioapi,3.5.0
rvest,3.5.0
sandwich,3.5.0
scales,3.5.0
segmented,3.5.0
selectr,3.5.0
seriation,3.5.0
sessioninfo,3.5.0
sfsmisc,3.5.0
shiny,3.5.0
shinydashboard,3.5.0
shinyjs,3.5.0
shinystan,3.5.0
shinythemes,3.5.0
SomaBiomarkers,3.5.1
SomaClassify,3.5.1
SomaCluster,3.5.1
SomaDataIO,3.5.1
SomaDB,3.5.1
SomaFeatureSelect,3.5.1
SomaGlobals,3.5.1
SomaMixedEffects,3.5.1
SomaNormalization,3.5.1
SomaObjects,3.5.1
SomaPCA,3.5.1
SomaPipeline,3.5.1
SomaPlot,3.5.1
SomaPlyr,3.5.1
SomaReadr,3.5.1
SomaStabilitySelection,3.5.1
SomaSurvival,3.5.1
somaverse,3.5.1
sourcetools,3.5.0
sp,3.5.0
SparseM,3.5.0
spelling,3.5.0
SQUAREM,3.5.0
StanHeaders,3.5.0
stringdist,3.5.0
stringi,3.5.0
stringr,3.5.0
styler,3.5.0
survivalROC,3.5.0
TeachingDemos,3.5.0
tensorflow,3.5.0
testthat,3.5.0
tfruns,3.5.0
TH.data,3.5.0
threejs,3.5.0
tibble,3.5.2
tidyposterior,3.5.0
tidyr,3.5.0
tidyselect,3.5.0
tidyverse,3.5.0
timeDate,3.5.0
timereg,3.5.0
tinytex,3.5.0
trimcluster,3.5.0
TSP,3.5.0
usethis,3.5.0
utf8,3.5.0
varSelRF,3.5.0
VennDiagram,3.5.0
viridis,3.5.0
viridisLite,3.5.0
visNetwork,3.5.0
webshot,3.5.0
whisker,3.5.0
withr,3.5.0
xfun,3.5.0
XML,3.5.0
xml2,3.5.0
xopen,3.5.0
xtable,3.5.0
xts,3.5.0
yaml,3.5.0
yardstick,3.5.0
zip,3.5.0
zoo,3.5.0
